id,OP,HW,KERNEL_SIZE,STRIDES,CIN,COUT,energy_true_mJ,energy_pred_base_mJ,energy_pred_final_mJ
conv-bn-relu6_test_67QC0P.tflite,conv-bn-relu6,224,7,2,3,96,1838.8271397500064,3574.4946905681227,2387.0488734000583
conv-bn-relu6_test_0TSL20.tflite,conv-bn-relu6,7,1,1,2160,192,3869.378329102011,3908.732025713217,2545.0242882997877
conv-bn-relu6_test_YP4V8G.tflite,conv-bn-relu6,1,1,1,4,96,112.38861344039444,114.03810162153098,202.34537769425646
conv-bn-relu6_test_9TCISD.tflite,conv-bn-relu6,56,1,1,24,58,1727.9740122136388,2794.7025894668304,2000.9691858627805
conv-bn-relu6_test_MMMY91.tflite,conv-bn-relu6,28,1,1,768,384,1922.442502140342,2979.797854200674,2095.1097059065773
conv-bn-relu6_test_ZYGTEX.tflite,conv-bn-relu6,112,3,1,128,128,2856.65089847776,3612.6570341124493,2405.291261980371
conv-bn-relu6_test_AM19R3.tflite,conv-bn-relu6,224,3,1,64,64,3591.1422684036474,3015.745187765502,2113.1982322765543
conv-bn-relu6_test_LGOK5F.tflite,conv-bn-relu6,14,3,1,16,48,1092.6111428231734,2357.044028489355,1770.9783899345375
conv-bn-relu6_test_CNGDET.tflite,conv-bn-relu6,1,1,1,1280,1001,3271.7929469419,2540.918599078832,1868.9622202502949
conv-hswish_test_X0SMZI.tflite,conv-hswish,224,7,2,3,96,3426.1317913557605,3574.4946905681227,2387.0488734000583
conv-hswish_test_4DME12.tflite,conv-hswish,1,1,1,4,96,126.30819640963794,114.03810162153098,202.34537769425646
conv-hswish_test_QJHCS9.tflite,conv-hswish,1,1,1,1280,1001,1858.8066606651755,2540.918599078832,1868.9622202502949
conv-hswish_test_XKN43W.tflite,conv-hswish,112,3,1,128,128,3783.2509863045934,3612.6570341124493,2405.291261980371
conv-hswish_test_MCDGLF.tflite,conv-hswish,28,1,1,768,384,1367.292052215077,2979.797854200674,2095.1097059065773
conv-hswish_test_851DXV.tflite,conv-hswish,7,1,1,2160,192,1642.3187194672776,3908.732025713217,2545.0242882997877
conv-hswish_test_TF33D1.tflite,conv-hswish,14,3,1,16,48,1261.578344157322,2357.044028489355,1770.9783899345375
conv-hswish_test_M85NFW.tflite,conv-hswish,56,1,1,24,58,1174.5285986871625,2794.7025894668304,2000.9691858627805
conv-hswish_test_QWRDSH.tflite,conv-hswish,224,3,1,64,64,2354.0605643303143,3015.745187765502,2113.1982322765543
conv-block_test_TNSL6R.tflite,conv-block,56,1,1,24,58,2488.97511045656,2794.7025894668304,2000.9691858627805
conv-block_test_E277JH.tflite,conv-block,1,1,1,1280,1001,3997.428949195387,2540.918599078832,1868.9622202502949
conv-block_test_00LSAB.tflite,conv-block,224,7,2,3,96,1273.7638847609255,3574.4946905681227,2387.0488734000583
conv-block_test_8Z7EOI.tflite,conv-block,14,3,1,16,48,2301.885822805361,2357.044028489355,1770.9783899345375
conv-block_test_BA0LKE.tflite,conv-block,224,3,1,64,64,4767.35407235698,3015.745187765502,2113.1982322765543
conv-block_test_DMOQGG.tflite,conv-block,28,1,1,768,384,1328.0156342625205,2979.797854200674,2095.1097059065773
conv-block_test_YINNUP.tflite,conv-block,1,1,1,4,96,169.15263002889608,114.03810162153098,202.34537769425646
conv-block_test_RQZ4ER.tflite,conv-block,112,3,1,128,128,4152.58953418159,3612.6570341124493,2405.291261980371
conv-block_test_XAI5E8.tflite,conv-block,7,1,1,2160,192,3705.311900977472,3908.732025713217,2545.0242882997877
conv-bn-relu_test_D8BR98.tflite,conv-bn-relu,14,1,1,800,128,1302.6332946527389,2143.1432267885516,1654.221953637248
conv-bn-relu_test_G38HVJ.tflite,conv-bn-relu,14,1,1,1024,512,3078.5049335056974,3494.015227010818,2348.396059026193
conv-bn-relu_test_L9EI9K.tflite,conv-bn-relu,28,1,1,416,128,3241.7204338775136,3599.2994664662847,2398.9123037956615
conv-bn-relu_test_IW066S.tflite,conv-bn-relu,28,1,1,264,88,2381.5612134665644,3331.873639794848,2269.746455627594
conv-bn-relu_test_XECQ49.tflite,conv-bn-relu,56,1,1,64,64,1126.2191885004806,2484.9415225202474,1839.3521153905344
conv-bn-relu_test_RKII17.tflite,conv-bn-relu,7,3,1,1024,1024,4954.269834769794,4085.9121614386972,2627.2071302523545
conv-bn-relu_test_845XF6.tflite,conv-bn-relu,7,3,1,192,48,2090.860748943877,2822.468560102472,2015.2011273276485
conv-bn-relu_test_BD2W9V.tflite,conv-bn-relu,28,1,1,40,120,1596.1600694650383,3415.2557787317796,2310.3245194525134
conv-bn-relu_test_CNEK10.tflite,conv-bn-relu,14,3,2,512,512,3214.720657641484,5027.301143394985,3048.225471911003
conv-bn-relu_test_28RKXQ.tflite,conv-bn-relu,56,1,2,256,512,3241.8341427660403,3409.0675013901346,2307.3226951001766
conv-bn-relu_test_YXG1M0.tflite,conv-bn-relu,14,1,1,448,128,2049.5869733813483,3505.772017243887,2354.058227668077
conv-bn-relu_test_CIPHWQ.tflite,conv-bn-relu,28,1,1,240,192,3344.343750518724,4626.747883086426,2872.082047138014
conv-bn-relu_test_58YYE8.tflite,conv-bn-relu,28,1,1,512,512,1340.4436644337368,3941.3348604045354,2560.224621185304
conv-bn-relu_test_GPEHZ2.tflite,conv-bn-relu,14,1,1,256,1024,1634.0279680511296,4007.0371034683335,2590.7491505990674
conv-bn-relu_test_886K79.tflite,conv-bn-relu,56,3,2,256,256,1257.682459317818,3196.475921045494,2203.23598739966
conv-bn-relu_test_9AY7UZ.tflite,conv-bn-relu,12,1,1,160,192,2090.1247160887315,3177.884933750826,2194.0419755676576
conv-bn-relu_test_Q370ZG.tflite,conv-bn-relu,56,1,1,32,11,1651.738395538189,3181.5982920145134,2195.8795991500497
conv-bn-relu_test_IG06TV.tflite,conv-bn-relu,7,1,1,672,160,3073.4188672206083,2246.7585834311476,1711.172536646507
conv-bn-relu_test_EVFTDO.tflite,conv-bn-relu,14,3,2,256,512,3771.923386856119,3777.3240814671267,2483.389929879035
conv-bn-relu_test_G8YHRK.tflite,conv-bn-relu,14,1,1,264,44,1909.7720705258075,3318.8587970109693,2263.3869596648537
conv-bn-relu_test_4OSSYY.tflite,conv-bn-relu,14,1,1,512,24,3109.5691685559013,2625.060232750245,1913.1257304718422
conv-bn-relu_test_NZIXLE.tflite,conv-bn-relu,14,1,1,512,32,1559.5371697299315,2385.3247824154128,1786.1858456386103
conv-bn-relu_test_I7G9KJ.tflite,conv-bn-relu,7,1,1,672,128,2858.525508020035,2792.0141736861424,1999.5890701401138
conv-bn-relu_test_XIUI2U.tflite,conv-bn-relu,7,1,1,320,1280,1402.090019991043,3700.392664753056,2447.025302258396
conv-bn-relu_test_F6DBXB.tflite,conv-bn-relu,7,1,1,960,320,1360.1452992908985,2657.273039899548,1929.926793248763
conv-bn-relu_test_8EAWXW.tflite,conv-bn-relu,224,3,1,64,64,2317.366143765608,3015.745187765502,2113.1982322765543
conv-bn-relu_test_TS0UHM.tflite,conv-bn-relu,14,1,1,1680,192,1377.517569230532,2489.509072635952,1841.7752297330358
conv-bn-relu_test_3W48MW.tflite,conv-bn-relu,28,1,1,320,128,3282.1190567068943,2021.772851179626,1586.5104781494988
conv-bn-relu_test_2WG34C.tflite,conv-bn-relu,14,1,1,1296,192,1747.485645350827,2975.9415482239933,2093.165572528788
conv-bn-relu_test_OT80VC.tflite,conv-bn-relu,28,3,2,256,256,3457.524968858458,3967.0829998648264,2572.203958113322
conv-bn-relu_test_2NRPER.tflite,conv-bn-relu,7,1,1,704,176,2438.574653371214,3494.755668642622,2348.7528209152847
conv-bn-relu_test_PSG8K9.tflite,conv-bn-relu,14,1,1,528,32,2144.1460515016065,3030.7466084185317,2120.728799439594
conv-bn-relu_test_W6MESD.tflite,conv-bn-relu,7,1,1,512,128,2311.438309560963,1814.7839196039374,1468.3026111702045
conv-bn-relu_test_2JNUGJ.tflite,conv-bn-relu,14,1,1,528,192,2640.3249631909284,3504.710168357244,2353.5470534444066
conv-bn-relu_test_GI1VIW.tflite,conv-bn-relu,56,3,1,128,128,2787.444332299474,3833.988420595213,2510.040498219543
conv-bn-relu_test_436DGQ.tflite,conv-bn-relu,1,1,1,480,120,1589.6870188371192,1015.0876082642607,968.1347892965046
conv-bn-relu_test_PVJ03Y.tflite,conv-bn-relu,28,1,1,192,192,2125.9020168408347,3355.7435828755215,2281.39188072612
conv-bn-relu_test_ZDXIZR.tflite,conv-bn-relu,7,1,1,1024,1001,2015.931478108973,3440.4469999686926,2322.528484863071
conv-bn-relu_test_LQRP79.tflite,conv-bn-relu,14,1,1,768,192,3306.251862389922,4105.670418540996,2636.3085597093427
conv-bn-relu_test_L6FBUP.tflite,conv-bn-relu,25,1,1,288,48,2111.7387296022835,2702.039895119906,1953.1802119634842
conv-bn-relu_test_GE9D17.tflite,conv-bn-relu,28,1,1,192,128,3269.0289354416464,3822.3770888117365,2504.5885517256024
conv-bn-relu_test_1HEJWJ.tflite,conv-bn-relu,7,1,1,1200,192,3077.586133707675,2603.2840649227846,1901.7349836661936
conv-bn-relu_test_TVKLZY.tflite,conv-bn-relu,28,1,1,256,512,1432.839577721892,2211.1148857308963,1691.667136400113
conv-bn-relu_test_Y67CXV.tflite,conv-bn-relu,5,1,1,2048,320,1711.064583832805,3158.5260951454393,2184.452030110444
conv-bn-relu_test_KWRXGF.tflite,conv-bn-relu,25,3,1,96,96,1840.724370482808,3899.632873181192,2540.7756160630865
conv-bn-relu_test_GO38DB.tflite,conv-bn-relu,112,1,1,16,64,3376.819725997981,2825.548704640857,2016.7774619742313
conv-bn-relu_test_305C6D.tflite,conv-bn-relu,5,1,1,2048,192,1607.088794635936,2482.0754096429073,1837.830980499683
conv-bn-relu_test_B6T0KN.tflite,conv-bn-relu,14,1,1,80,200,3354.5955728214344,3192.7106482950503,2201.375129606452
conv-bn-relu_test_QS852W.tflite,conv-bn-relu,54,3,1,16,64,2368.211065548141,3749.286665677963,2470.1614607258816
conv-bn-relu_test_Q04ZXI.tflite,conv-bn-relu,14,1,1,480,16,1956.4278075575287,3169.5460378883345,2189.9131024735993
conv-bn-relu_test_STBEBH.tflite,conv-bn-relu,12,7,1,192,192,3552.8884656969453,5179.559830510818,3114.127907543815
conv-bn-relu_test_FMSYO2.tflite,conv-bn-relu,111,1,1,32,11,1239.35972102403,2424.9334620443396,1807.3991959156974
conv-bn-relu_test_9TEUV2.tflite,conv-bn-relu,5,1,1,384,384,2636.7668610476103,3154.2836748132822,2182.348207434372
conv-bn-relu_test_7VC5LV.tflite,conv-bn-relu,7,1,1,832,48,1325.240694441703,1834.4860939469593,1479.7127261357723
conv-bn-relu_test_0ERONA.tflite,conv-bn-relu,7,1,1,864,128,3607.5388602051935,3498.804652414534,2350.7033365424118
conv-bn-relu_test_HP2MWK.tflite,conv-bn-relu,5,1,1,1280,384,3661.760970274524,3558.4309243702733,2379.3535890038997
conv-bn-relu_test_O4YDSB.tflite,conv-bn-relu,7,1,1,832,160,1843.8078077623968,3982.1299283597423,2579.1943564852386
conv-bn-relu_test_9KSW1G.tflite,conv-bn-relu,7,1,1,2160,192,3179.922294245774,3908.732025713217,2545.0242882997877
conv-bn-relu_test_GMREDW.tflite,conv-bn-relu,28,3,1,128,32,1223.8760533956402,3871.611202233546,2527.6737673476805
conv-bn-relu_test_QIKG59.tflite,conv-bn-relu,14,1,1,512,160,2891.255990532765,3832.071767653573,2509.1408818058208
conv-bn-relu_test_1COVYM.tflite,conv-bn-relu,28,1,1,192,64,1752.6262608686816,3820.229410416569,2503.57962433563
conv-bn-relu_test_DOHDJR.tflite,conv-bn-relu,28,1,1,720,192,2604.474317794502,4479.895391865623,2806.4331944874652
conv-bn-relu_test_TGH63N.tflite,conv-bn-relu,25,1,1,192,64,2385.95915792018,3511.14706517899,2356.6451044232113
conv-bn-relu_test_N5BO1D.tflite,conv-bn-relu,14,1,1,184,80,2225.3166057139647,2894.5652382355383,2051.9719571714527
conv-bn-relu_test_74UNBB.tflite,conv-bn-relu,14,1,1,704,128,2098.713516213363,2642.3074250605596,1922.1284706886338
conv-bn-relu_test_RCQKRF.tflite,conv-bn-relu,7,1,1,704,128,2824.94828565778,3435.240434381063,2320.008227809772
conv-bn-relu_test_HOVK51.tflite,conv-bn-relu,14,1,1,1824,192,1375.5328082097171,4085.611834509063,2627.068691852582
conv-bn-relu_test_HHGCYD.tflite,conv-bn-relu,14,1,1,1968,192,1227.5783685249162,3692.0336337901263,2443.0612519170145
conv-bn-relu_test_IBH8SO.tflite,conv-bn-relu,7,1,1,544,128,3181.083069185712,3100.0006986084827,2155.357995949251
conv-bn-relu_test_ZUBCNV.tflite,conv-bn-relu,14,1,1,80,184,1711.0443103220744,2136.2863398579884,1650.4260094761635
conv-bn-relu_test_60S6XO.tflite,conv-bn-relu,7,1,1,576,192,2520.415907180094,2630.7901310522952,1916.1184919281495
conv-bn-relu_test_0X1JKZ.tflite,conv-bn-relu,112,1,1,32,64,2327.6308413529227,3276.166706058423,2242.476362278457
conv-bn-relu_test_X9BCET.tflite,conv-bn-relu,56,1,1,256,256,1284.6067870565607,3510.9182996788163,2356.5350281383103
conv-bn-relu_test_55GMTA.tflite,conv-bn-relu,7,1,1,1488,192,3140.021572421709,4541.73635212729,2834.1516966504246
conv-bn-relu_test_ZXG1HE.tflite,conv-bn-relu,28,1,1,528,192,2811.920860238012,4667.601436766194,2890.239731848834
conv-bn-relu_test_VQTS7X.tflite,conv-bn-relu,14,1,1,1344,192,3288.77900100113,3291.8583699450983,2250.171058704307
conv-bn-relu_test_JVO3CL.tflite,conv-bn-relu,7,1,1,1776,192,3558.0630931673622,2837.0350144457843,2022.6515609645144
conv-bn-relu_test_XJUNM4.tflite,conv-bn-relu,56,1,1,160,128,1688.5418171322754,3637.701039497172,2417.2331608262275
conv-bn-relu_test_RJZRCQ.tflite,conv-bn-relu,56,3,1,64,192,3048.4598103571534,4813.093968589445,2954.543429720875
conv-bn-relu_test_WUAAD5.tflite,conv-bn-relu,14,1,1,288,128,2060.1632826314963,3190.6178429949405,2200.3405632477384
conv-bn-relu_test_GQ1MWY.tflite,conv-bn-relu,14,3,1,32,128,2417.075699824973,3736.594839731269,2464.1640660753274
conv-bn-relu_test_BSHW9W.tflite,conv-bn-relu,56,1,1,24,72,1020.3798976282842,1860.9361812396662,1494.9763841398894
conv-bn-relu_test_P4MRMR.tflite,conv-bn-relu,12,3,2,192,192,1862.7546209055847,2766.043936574,1986.2376369450471
conv-bn-relu_test_MBG07S.tflite,conv-bn-relu,12,1,1,160,160,1695.3711283994112,2913.470924600046,2061.571156366371
conv-bn-relu_test_SIROC5.tflite,conv-bn-relu,7,1,1,1024,2048,4496.471210996416,4652.894150958984,2883.7081664821044
conv-bn-relu_test_Z9FO3Z.tflite,conv-bn-relu,1,1,1,4,96,92.12884181232955,114.03810162153098,202.34537769425646
conv-bn-relu_test_0U3JZL.tflite,conv-bn-relu,25,1,1,192,48,1979.1593323358195,2359.875764957749,1772.5034221391593
conv-bn-relu_test_08KFWF.tflite,conv-bn-relu,1,1,1,120,480,437.88193677366274,1020.9366102012631,972.1303248886874
conv-bn-relu_test_7HUQ56.tflite,conv-bn-relu,112,3,1,64,128,2846.9338610040672,4614.99461473358,2866.849817346857
conv-bn-relu_test_69CM1C.tflite,conv-bn-relu,7,3,1,128,32,2799.021644045222,2502.5170339379306,1848.6691516072574
conv-bn-relu_test_WBS4W6.tflite,conv-bn-relu,56,1,1,96,128,2523.7605688367,2539.1469300589974,1868.027912078099
conv-bn-relu_test_2D25R4.tflite,conv-bn-relu,56,3,1,64,64,2858.0281429526385,4136.44306608394,2650.45899668951
conv-bn-relu_test_H747EF.tflite,conv-bn-relu,28,1,1,432,192,3484.584080740014,4848.376517723566,2970.0539613566407
conv-bn-relu_test_8HYRH1.tflite,conv-bn-relu,14,1,1,896,128,990.4384281069138,2026.9760465537643,1589.4364831330445
conv-bn-relu_test_UR67CQ.tflite,conv-bn-relu,1,1,1,32,8,56.200354293867,69.30193104939791,141.86659317550308
conv-bn-relu_test_P447UE.tflite,conv-bn-relu,14,1,1,512,64,2457.6064986546908,3577.346611653004,2388.4140506065064
conv-bn-relu_test_HO3X19.tflite,conv-bn-relu,7,1,1,672,192,2810.0120154687843,3561.672956926457,2380.9074628979597
conv-bn-relu_test_TAPTFW.tflite,conv-bn-relu,14,1,1,432,192,2768.0977163378907,4173.074581858798,2667.2647698313976
conv-bn-relu_test_7LORZ6.tflite,conv-bn-relu,5,1,1,1280,320,2830.8107358400707,2973.3555508057702,2091.861458031006
conv-bn-relu_test_88RZ8R.tflite,conv-bn-relu,7,1,1,160,960,1070.152870904037,2038.9047957237196,1596.136577605617
conv-bn-relu_test_JOAP3D.tflite,conv-bn-relu,14,1,1,2016,192,1265.175547261361,4121.140244161813,2643.425915089862
conv-bn-relu_test_MRR78B.tflite,conv-bn-relu,14,1,1,512,112,1444.8360609431047,3996.1264745207827,2585.690064403752
conv-bn-relu_test_9MX05X.tflite,conv-bn-relu,1,1,1,672,168,1489.888575251409,1305.9622195371978,1159.7868008414762
conv-bn-relu_test_C243C9.tflite,conv-bn-relu,14,1,1,244,244,2382.073026653646,2587.7043819549663,1893.5689579586842
conv-bn-relu_test_HHUNTA.tflite,conv-bn-relu,14,1,1,384,64,2465.012919819469,2707.630162390987,1956.0762957693983
conv-bn-relu_test_UAW8OZ.tflite,conv-bn-relu,14,1,1,96,576,2436.4721861408893,2161.1349805373156,1664.1658121808664
conv-bn-relu_test_6OUAPN.tflite,conv-bn-relu,14,1,1,832,128,2983.910704714792,1726.3880232630986,1416.6704954597722
conv-bn-relu_test_8DW7DL.tflite,conv-bn-relu,5,1,1,1280,192,1479.7618574786425,2365.5775612791567,1775.5725550018522
conv-bn-relu_test_L0SDA1.tflite,conv-bn-relu,14,3,1,192,48,2722.798354010844,2621.1754253454,1911.0956194731025
conv-bn-relu_test_LY226M.tflite,conv-bn-relu,54,1,1,32,128,3052.7696945358016,2656.0152995065355,1929.2718859620823
conv-bn-relu_test_VAHLWV.tflite,conv-bn-relu,14,1,1,864,192,1092.520392818166,2287.5297965294935,1733.376814592431
conv-bn-relu_test_B790EP.tflite,conv-bn-relu,14,3,1,24,64,1770.125887050774,2671.5572375250836,1937.3584516108594
conv-bn-relu_test_8G1OYX.tflite,conv-bn-relu,12,7,1,160,192,2304.0982323804465,4378.718399382331,2760.8484206179064
conv-bn-relu_test_TD03FC.tflite,conv-bn-relu,7,3,1,32,128,2947.860049376173,2632.580203373638,1917.0530793900512
conv-bn-relu_test_F84481.tflite,conv-bn-relu,7,1,1,1056,176,3645.3540079467502,3381.2908862082336,2293.8296880206126
conv-bn-relu_test_5FG770.tflite,conv-bn-relu,28,1,1,192,96,1434.9876069952484,2517.6719395174414,1856.6881246974017
conv-bn-relu_test_KMEZ6U.tflite,conv-bn-relu,28,1,2,512,1024,1423.2811645166455,2727.4930316684486,1966.3527601814064
conv-bn-relu_test_BGDT4L.tflite,conv-bn-relu,7,1,1,1296,192,3539.540828766148,1828.9248458020402,1476.495570992738
conv-bn-relu_test_3BFH8T.tflite,conv-bn-relu,56,1,1,128,128,1922.1552522980485,2791.0763509414323,1999.1075442364067
conv-bn-relu_test_OIE62V.tflite,conv-bn-relu,7,1,1,512,1024,1645.3283577608215,3930.9418820522615,2555.3830095931207
conv-bn-relu_test_MOK7E2.tflite,conv-bn-relu,28,3,1,32,96,2701.0560502732646,3950.3632568232747,2564.4276033338892
conv-bn-relu_test_WUB8DQ.tflite,conv-bn-relu,28,3,1,128,128,2622.3265887963616,4937.693101191726,3009.1763106018
conv-bn-relu_test_4ODHL5.tflite,conv-bn-relu,56,1,1,192,192,1377.5430874965714,3069.6114815288392,2140.1897002798223
conv-bn-relu_test_O6IT2J.tflite,conv-bn-relu,1,1,1,960,240,1767.8690897352465,2201.4600178127434,1686.368397264729
conv-bn-relu_test_QKSLQA.tflite,conv-bn-relu,7,1,1,928,128,3089.449251432047,4453.162371865369,2794.4173633224646
conv-bn-relu_test_A1PVW5.tflite,conv-bn-relu,5,1,1,1280,448,1444.2128553569578,3516.239851338166,2359.0951013553304
conv-bn-relu_test_CUB9Z2.tflite,conv-bn-relu,28,1,1,256,64,2478.0976621187315,3331.4338685060748,2269.531683324916
conv-bn-relu_test_X68ZY4.tflite,conv-bn-relu,56,1,1,64,256,2059.1695266644288,3209.6437915697807,2209.7388855833738
conv-bn-relu_test_4CSADN.tflite,conv-bn-relu,5,1,1,2048,448,3193.0749876220493,2855.2289033860948,2031.9421589819738
conv-bn-relu_test_SOBGLM.tflite,conv-bn-relu,27,1,1,384,64,1234.7018878647184,3428.781348023188,2316.880179933869
conv-bn-relu_test_N6X5GB.tflite,conv-bn-relu,12,1,1,192,192,1458.5433019684588,3660.6401564737644,2428.150961431758
conv-bn-relu_test_D6419S.tflite,conv-bn-relu,1,1,1,24,72,174.82142862855108,124.92967857732081,215.96740557181803
conv-bn-relu_test_GCLNXH.tflite,conv-bn-relu,14,1,1,528,160,3293.938344697236,3952.1892631617716,2565.2773317891915
conv-bn-relu_test_1KG4PG.tflite,conv-bn-relu,14,1,1,576,128,2293.551126457816,4185.1070439815685,2672.775886626933
conv-bn-relu_test_I45QV7.tflite,conv-bn-relu,14,1,1,480,64,1636.113745062098,3824.690212477632,2505.675021794626
conv-bn-relu_test_D0WHAM.tflite,conv-bn-relu,14,1,1,232,232,1734.1533199386554,3924.212962307472,2552.2463818527563
conv-bn-relu_test_AUL4DR.tflite,conv-bn-relu,28,1,1,24,122,1450.324913438363,3053.216203319096,2131.9886108838887
conv-bn-relu_test_2ETZUS.tflite,conv-bn-relu,14,1,1,1056,192,2545.4011636142104,4337.275422343188,2742.090617099614
conv-bn-relu_test_DB8Y3C.tflite,conv-bn-relu,12,7,1,128,192,4832.3159514197405,4647.426035461529,2881.278264032877
conv-bn-relu_test_089AE6.tflite,conv-bn-relu,14,1,1,720,192,2361.467550212856,3054.7590642103432,2132.7608965237114
conv-bn-relu_test_YZEUQW.tflite,conv-bn-relu,112,3,1,128,128,2850.229273476581,3612.6570341124493,2405.291261980371
conv-bn-relu_test_3EKS65.tflite,conv-bn-relu,28,1,1,768,384,3360.240196879904,2979.797854200674,2095.1097059065773
conv-bn-relu_test_6NTJU2.tflite,conv-bn-relu,56,1,1,44,22,2498.907464531819,2691.764130407286,1947.8523384995615
conv-bn-relu_test_KLNXL1.tflite,conv-bn-relu,7,1,1,992,128,3402.843047296772,4289.62125016567,2720.4586683784382
conv-bn-relu_test_S7LYEB.tflite,conv-bn-relu,56,3,1,128,256,2034.7257469361928,4167.373350004677,2664.6519170009124
conv-bn-relu_test_AX544C.tflite,conv-bn-relu,7,1,1,832,32,2565.7379599540395,2160.62073591199,1663.8819205684586
conv-bn-relu_test_NXM9L9.tflite,conv-bn-relu,224,11,4,3,64,1295.720829470097,3674.0831160445396,2434.5400917158854
conv-bn-relu_test_E54ES5.tflite,conv-bn-relu,1,1,1,20,480,416.3307480358671,406.88709503661397,502.7950865924056
conv-bn-relu_test_ASOV9M.tflite,conv-bn-relu,14,1,1,624,192,3392.9885162246374,2023.9649293583213,1587.7434478199282
conv-bn-relu_test_OR1104.tflite,conv-bn-relu,27,1,1,384,48,1342.6906467990989,3685.71057889629,2440.0610214093786
conv-bn-relu_test_I76R0P.tflite,conv-bn-relu,14,1,1,64,384,1766.9586551128953,3075.423282136,2143.0938443184205
conv-bn-relu_test_DB9Q99.tflite,conv-bn-relu,224,3,1,3,64,3628.783118233861,4719.450742358496,2913.2199124953104
conv-bn-relu_test_EK17MZ.tflite,conv-bn-relu,14,3,1,144,288,1700.16253792128,3519.130337557298,2360.485186450429
conv-bn-relu_test_4K56AA.tflite,conv-bn-relu,25,3,2,96,96,2630.0279541202767,2612.0085052654113,1906.3018178481548
conv-bn-relu_test_OWL1JT.tflite,conv-bn-relu,7,1,1,192,1152,991.7432293007462,2118.03332523009,1640.3043594315652
conv-bn-relu_test_EXX3UG.tflite,conv-bn-relu,54,1,1,128,32,1762.7811449999192,3024.6552979977632,2117.672296335113
conv-bn-relu_test_9YFHVX.tflite,conv-bn-relu,56,1,1,72,24,819.009535503213,2020.4424163110798,1585.7619691077646
conv-bn-relu_test_DJVYB0.tflite,conv-bn-relu,14,1,1,528,176,2310.7746591911064,2184.8252428655364,1677.2235167558877
conv-bn-relu_test_LP7OKF.tflite,conv-bn-relu,14,1,1,1872,192,1824.1258568544145,4130.455000037083,2647.7077976761175
conv-bn-relu_test_CTFQZY.tflite,conv-bn-relu,25,5,1,48,64,1882.858293149373,2385.218840370627,1786.1289728221939
conv-bn-relu_test_DCW2AJ.tflite,conv-bn-relu,14,1,1,480,128,1303.3576599473113,2481.2941291042166,1837.4162444840917
conv-bn-relu_test_5WB54L.tflite,conv-bn-relu,1,1,1,28,672,646.7534825332868,425.75972490819134,519.3963174320953
conv-bn-relu_test_AG5531.tflite,conv-bn-relu,14,1,1,1632,192,3840.80050642756,3547.142618561176,2373.94008559753
conv-bn-relu_test_G70TPQ.tflite,conv-bn-relu,28,3,1,256,256,3242.1038288578843,5254.627589427368,3146.4172785148585
conv-bn-relu_test_123TZI.tflite,conv-bn-relu,14,1,1,80,480,2135.410064086374,3517.898058857324,2359.8926017372905
conv-bn-relu_test_QO3DVS.tflite,conv-bn-relu,14,1,1,352,128,3609.5710373064,1795.1388915232394,1456.890627056898
conv-bn-relu_test_UXEHG3.tflite,conv-bn-relu,14,1,1,864,128,1363.682073481868,2188.8809253109084,1679.454918498004
conv-bn-relu_test_TXPA7S.tflite,conv-bn-relu,56,1,1,64,128,2246.6390609231867,3536.111182686861,2368.645054225099
conv-bn-relu_test_Q52PL7.tflite,conv-bn-relu,1,1,1,72,24,194.4663764419762,55.36946444275734,120.94768153821734
conv-bn-relu_test_LPY0XW.tflite,conv-bn-relu,56,1,1,96,24,2587.333455205159,3027.2440879597207,2118.9715143753906
conv-bn-relu_test_NU3JK1.tflite,conv-bn-relu,109,3,1,32,64,1731.3941925206318,3482.0975438963424,2342.650894844525
conv-bn-relu_test_6YXVS3.tflite,conv-bn-relu,56,3,2,64,128,2690.899395592472,2821.262261746622,2014.5836437654211
conv-bn-relu_test_UJCNME.tflite,conv-bn-relu,7,1,1,1344,192,3522.966267812033,2519.398492147816,1857.6008337662754
conv-bn-relu_test_YX3796.tflite,conv-bn-relu,112,1,1,16,16,1676.4082856982252,2881.4532259331095,2045.3040210231438
conv-bn-relu_test_RS89CE.tflite,conv-bn-relu,7,1,1,576,160,2540.238233756079,3054.2394227347468,2132.5008000892008
conv-bn-relu_test_8XZK1Y.tflite,conv-bn-relu,14,1,1,928,128,3062.041039233597,2530.8783464416297,1863.6649445669289
conv-bn-relu_test_5YWZZR.tflite,conv-bn-relu,56,1,1,48,24,939.9529046728436,2061.6127263533085,1608.8605092037708
conv-bn-relu_test_2AAJHU.tflite,conv-bn-relu,1,1,1,480,20,161.87036529744012,106.64375391278313,192.8888260287891
conv-bn-relu_test_OUEBT3.tflite,conv-bn-relu,56,1,1,240,192,1550.6991721997674,2340.7538935123853,1762.1952342371806
conv-bn-relu_test_1WNESS.tflite,conv-bn-relu,14,1,1,320,128,2821.4554635451946,2047.2070700008135,1600.7932190036433
conv-bn-relu_test_IR638X.tflite,conv-bn-relu,14,3,2,1024,1024,3622.864593228455,5988.73630962746,3455.655052793355
conv-bn-relu_test_S53F5T.tflite,conv-bn-relu,56,1,1,288,192,1226.01628595019,2453.6187221445202,1822.7010331146657
conv-bn-relu_test_1JKTP3.tflite,conv-bn-relu,7,1,1,1440,192,1613.1401843427464,4556.371865766172,2840.695983468396
conv-bn-relu_test_E0R10D.tflite,conv-bn-relu,7,1,1,896,128,2171.724320829904,4364.206802585909,2754.2859654432486
conv-bn-relu_test_HH76RD.tflite,conv-bn-relu,56,3,1,128,128,2301.1498639752126,3833.988420595213,2510.040498219543
conv-bn-relu_test_ZCQ10P.tflite,conv-bn-relu,28,3,1,192,48,3221.949645536048,4158.826270591184,2660.73292617024
conv-bn-relu_test_DFL7TW.tflite,conv-bn-relu,28,1,1,288,192,1857.6099450898653,4424.387821342902,2781.4610675033036
conv-bn-relu_test_8D6HOD.tflite,conv-bn-relu,14,3,1,512,512,3571.9856057302823,4593.504434083771,2857.2732150499905
conv-bn-relu_test_FPSHC0.tflite,conv-bn-relu,7,3,1,192,384,1915.8845869940933,5076.830882388609,3069.7247631454147
conv-bn-relu_test_TNW8CR.tflite,conv-bn-relu,28,1,1,122,122,3063.623123370768,2267.6137524114924,1722.544523696422
conv-bn-relu_test_X3Q80O.tflite,conv-bn-relu,224,3,2,3,16,1380.4341965740855,2536.267584854242,1866.5090654823302
conv-bn-relu_test_ZS1C2D.tflite,conv-bn-relu,28,3,1,96,128,3348.9307790108533,2792.932308424959,2000.0604428637541
conv-bn-relu_test_98LDTN.tflite,conv-bn-relu,7,1,1,1536,192,2955.218664729865,5027.914125068367,3048.4919133330322
conv-bn-relu_test_KBGC0D.tflite,conv-bn-relu,14,1,2,256,512,937.51285976379,1929.3804194734175,1534.191977036567
conv-bn-relu_test_AL7W3R.tflite,conv-bn-relu,7,1,1,2048,512,2938.891746463717,2675.975975658952,1939.6551142879134
conv-bn-relu_test_JD919F.tflite,conv-bn-relu,28,3,1,256,512,2739.599092863325,4024.128139868072,2598.666162186916
conv-bn-relu_test_30QDXR.tflite,conv-bn-relu,28,1,1,160,128,3253.4474208135725,3480.6560886791963,2341.95563462416
conv-bn-relu_test_58QXHN.tflite,conv-bn-relu,5,3,1,448,384,1408.5675707237287,5334.605900563793,3180.675487252098
conv-bn-relu_test_KN7099.tflite,conv-bn-relu,1,1,1,32,120,267.4887878590196,124.3359605305622,215.2336852095748
conv-bn-relu_test_KBH602.tflite,conv-bn-relu,25,1,1,256,48,2877.70720128066,1808.8017438513298,1464.8312277253326
conv-bn-relu_test_0V3ZWO.tflite,conv-bn-relu,14,1,1,960,128,867.7783866605996,1749.177589465015,1430.0520754588138
conv-bn-relu_test_RYPE11.tflite,conv-bn-relu,112,1,1,32,16,2474.6646474781314,3808.704347131234,2498.162681895971
conv-bn-relu_test_TDG0WT.tflite,conv-bn-relu,112,1,1,64,24,1432.9575126608795,3678.3511707513253,2436.567215147633
conv-bn-relu_test_SZJ56I.tflite,conv-bn-relu,7,1,1,1392,192,2203.360620824596,3062.875397103462,2136.8217451070304
conv-bn-relu_test_5EWDKY.tflite,conv-bn-relu,14,1,1,256,128,2268.565417070316,2460.379776110461,1826.300252087538
conv-bn-relu_test_BU7ULU.tflite,conv-bn-relu,7,1,1,1728,192,1445.993785936424,4203.927983139362,2681.3872794168515
conv-bn-relu_test_63JVV7.tflite,conv-bn-relu,7,1,1,232,232,1439.8042941302333,2976.965389838002,2093.6818056050565
conv-bn-relu_test_Y29U86.tflite,conv-bn-relu,7,1,1,832,256,3569.1542850861906,3830.8584125847096,2508.571305369675
conv-bn-relu_test_Y95D3U.tflite,conv-bn-relu,13,3,1,192,384,1888.956954032428,5241.672138342593,3140.8540423227505
conv-bn-relu_test_W5ZOXN.tflite,conv-bn-relu,14,1,1,480,192,2055.772108652854,2584.9026747735543,1892.0989801622713
conv-bn-relu_test_NS1JAF.tflite,conv-bn-relu,7,3,1,48,128,1355.2381280444215,3257.8200696373156,2233.466505607248
conv-bn-relu_test_HWZ9PD.tflite,conv-bn-relu,14,3,1,160,320,2812.508596787242,3411.423445871814,2308.465703995673
conv-bn-relu_test_1A8SMG.tflite,conv-bn-relu,14,1,1,2064,192,3627.337661545993,3419.418987218103,2312.3431520660956
conv-bn-relu_test_VTQN3Y.tflite,conv-bn-relu,14,1,1,480,96,3116.913350868296,3961.178116852474,2569.458658091024
conv-bn-relu_test_R366YY.tflite,conv-bn-relu,28,1,1,256,256,2901.3289616681186,3679.692861992411,2437.204317210606
conv-bn-relu_test_NEFNDC.tflite,conv-bn-relu,28,1,1,512,128,1732.9598388353336,3699.5405457457005,2446.6213233943636
conv-bn-relu_test_UULFFL.tflite,conv-bn-relu,14,1,1,1728,192,2842.4330528633154,3216.7809082993786,2213.2603638830474
conv-bn-relu_test_DSS1O2.tflite,conv-bn-relu,1,1,1,1280,1001,3855.4119279270944,2540.918599078832,1868.9622202502949
conv-bn-relu_test_YL89N7.tflite,conv-bn-relu,14,1,1,1392,192,3038.561232769858,4278.878526727632,2715.572779758949
conv-bn-relu_test_BBA28V.tflite,conv-bn-relu,224,7,2,3,96,1963.597603005235,3574.4946905681227,2387.0488734000583
conv-bn-relu_test_COW1FH.tflite,conv-bn-relu,14,1,1,384,192,1977.3123977629352,3784.919687862042,2486.9688578186406
conv-bn-relu_test_DMW5KD.tflite,conv-bn-relu,14,1,1,528,256,3271.285311497234,2106.2676424659317,1633.7669738949994
conv-bn-relu_test_09LG5M.tflite,conv-bn-relu,13,1,1,512,64,1677.33474347712,2350.991982277217,1767.7173192037726
conv-bn-relu_test_CRBNC5.tflite,conv-bn-relu,1,1,1,240,960,1024.8851729318824,2534.037420412257,1865.3323244549929
conv-bn-relu_test_AGW97B.tflite,conv-bn-relu,56,1,1,144,24,950.2687249018112,2409.0019528646717,1798.8785867729787
conv-bn-relu_test_3YYY62.tflite,conv-bn-relu,14,1,1,1488,192,2874.221739344888,2840.454558054259,2024.3990141774543
conv-bn-relu_test_2KP46H.tflite,conv-bn-relu,7,3,1,160,320,2122.46720505797,4409.905993381261,2774.931324077588
conv-bn-relu_test_KA5DFG.tflite,conv-bn-relu,28,3,1,256,256,3070.4575926320977,5254.627589427368,3146.4172785148585
conv-bn-relu_test_HPPS7K.tflite,conv-bn-relu,14,3,1,256,256,3987.365410732769,2873.8172119164105,2041.4168722234604
conv-bn-relu_test_I5I5FK.tflite,conv-bn-relu,14,1,1,512,128,1987.13445566566,2834.868707790475,2021.544227651585
conv-bn-relu_test_NJEK0N.tflite,conv-bn-relu,28,1,1,32,192,2674.6765969927187,3364.8395813204224,2285.8233672179454
conv-bn-relu_test_LUVSXP.tflite,conv-bn-relu,12,1,1,768,128,2488.078986930523,4105.913872202391,2636.4206265810253
conv-bn-relu_test_LOUOOG.tflite,conv-bn-relu,28,1,1,24,58,2171.439514654081,3237.5764714298402,2223.5083814824757
conv-bn-relu_test_ZGLC2I.tflite,conv-bn-relu,56,1,1,96,192,2510.0505000121134,2558.1420835576555,1878.035619271261
conv-bn-relu_test_FJ2QXD.tflite,conv-bn-relu,13,3,1,256,256,2941.4195493927955,5322.174461650953,3175.3601548289635
conv-bn-relu_test_K4G20U.tflite,conv-bn-relu,1,1,1,8,32,108.86116383801463,110.28842511543569,197.57219400502427
conv-bn-relu_test_YJB3FA.tflite,conv-bn-relu,28,1,1,672,192,3207.339883977192,3993.974555447956,2584.6917920499495
conv-bn-relu_test_C2TQ4U.tflite,conv-bn-relu,28,1,1,192,16,2206.62126674758,1502.136557254451,1282.1787140025697
conv-bn-relu_test_TU2V0B.tflite,conv-bn-relu,14,3,1,128,256,2237.022931205197,4195.01918089003,2677.3124810957947
conv-bn-relu_test_CKW7EH.tflite,conv-bn-relu,13,3,1,384,256,1333.4699900643002,5765.510026069234,3362.820388717356
conv-bn-relu_test_U2JDC1.tflite,conv-bn-relu,25,1,1,192,32,1873.6623763600928,1675.7286469122982,1386.7436143332507
conv-bn-relu_test_EI9D20.tflite,conv-bn-relu,14,1,1,608,128,1640.0383071148117,3988.6005016220156,2582.198110411172
conv-bn-relu_test_FSMHV5.tflite,conv-bn-relu,27,3,1,32,128,2811.1185780312608,2008.6496817161958,1579.1212067548001
conv-bn-relu_test_IVV8KJ.tflite,conv-bn-relu,14,3,1,512,512,2716.217796960181,4593.504434083771,2857.2732150499905
conv-bn-relu_test_JZINIE.tflite,conv-bn-relu,28,1,1,352,128,3470.613383064909,3296.3510974093824,2252.372236603059
conv-bn-relu_test_R3CVFZ.tflite,conv-bn-relu,14,1,1,240,80,3157.341053004316,3546.8101960794947,2373.780592743848
conv-bn-relu_test_MQLSIO.tflite,conv-bn-relu,14,1,1,1776,192,3604.527411209151,3604.1455397666778,2401.2273383477827
conv-bn-relu_test_8KG6Q5.tflite,conv-bn-relu,56,3,1,256,256,4381.242595161264,2619.1858152113005,1910.055565176539
conv-bn-relu_test_TY5HEF.tflite,conv-bn-relu,14,1,1,488,488,3716.4485664708927,3270.8254274639467,2239.854789162828
conv-bn-relu_test_3P7G7D.tflite,conv-bn-relu,28,1,1,44,44,915.0869271557884,3065.2170575950076,2137.992782655194
conv-bn-relu_test_LLXHU9.tflite,conv-bn-relu,28,1,1,384,192,3039.824902834968,4611.523166142725,2865.303703034236
conv-bn-relu_test_GUJKXQ.tflite,conv-bn-relu,54,3,1,32,128,1960.7929613582703,2488.3748016163004,1841.173609302087
conv-bn-relu_test_HYT46P.tflite,conv-bn-relu,56,1,1,24,58,1758.602366301413,2794.7025894668304,2000.9691858627805
conv-bn-relu_test_CJJJVH.tflite,conv-bn-relu,14,1,1,576,96,2165.0341691411973,4246.980701884633,2701.0448401636118
conv-bn-relu_test_SN2SUM.tflite,conv-bn-relu,7,1,1,1872,192,4237.380217325783,3028.546370169103,2119.6249627799994
conv-bn-relu_test_GRO097.tflite,conv-bn-relu,28,3,2,512,512,1325.997331046123,5482.542395800494,3243.662712901635
conv-bn-relu_test_N3B344.tflite,conv-bn-relu,112,1,1,16,96,2388.7352423342527,3334.9698684195987,2271.258342149182
conv-bn-relu_test_BG7BZN.tflite,conv-bn-relu,14,1,1,384,128,1875.0659771133696,2454.882604402448,1823.3740687343748
conv-bn-relu_test_CLJIML.tflite,conv-bn-relu,14,1,1,672,112,3001.8056348077284,2443.867856155026,1817.5052510880046
conv-bn-relu_test_Q52RPM.tflite,conv-bn-relu,14,1,1,384,96,1444.172955668145,2466.7985261911485,1829.7146569679621
conv-bn-relu_test_0W73FT.tflite,conv-bn-relu,28,1,1,240,80,2324.2810117418744,2466.8898377722126,1829.7632113057027
conv-bn-relu_test_9TJ7G9.tflite,conv-bn-relu,14,1,1,672,128,2598.9100757352435,3861.194593802936,2522.796525281768
conv-bn-relu_test_TTHMIW.tflite,conv-bn-relu,7,1,1,1680,192,2790.065424934936,4388.5851247727815,2765.306848543194
conv-bn-relu_test_0483XL.tflite,conv-bn-relu,14,1,1,1152,192,3193.9185625118625,4591.457108610388,2856.3602106884914
conv-bn-relu_test_CNV1FN.tflite,conv-bn-relu,7,1,1,176,176,1126.525375422943,2578.5247742507163,1888.7509898752564
conv-bn-relu_test_KQP641.tflite,conv-bn-relu,27,1,1,256,32,2407.218982651418,3055.5093518701697,2133.136416321267
conv-bn-relu_test_94E48S.tflite,conv-bn-relu,28,1,1,22,22,1995.2487306820424,2693.8107571874216,1948.9139510270604
conv-bn-relu_test_VO814C.tflite,conv-bn-relu,28,1,1,624,192,2518.798912357792,2434.9930173150883,1812.771159459482
conv-bn-relu_test_42W17I.tflite,conv-bn-relu,56,1,1,11,11,1904.9834699153453,2363.5446663817092,1774.4785395283907
conv-bn-relu_test_PE5Y3M.tflite,conv-bn-relu,5,3,1,384,384,4033.641864016806,4631.274333708032,2874.096093593688
conv-bn-relu_test_P60NIQ.tflite,conv-bn-relu,28,1,1,144,40,1845.9317897408007,2305.595111837926,1743.1794270164764
conv-bn-relu_test_HEQSDN.tflite,conv-bn-relu,25,1,1,256,64,1870.577112883885,3704.426002975178,2448.9370997484384
conv-bn-relu_test_MHRAWP.tflite,conv-bn-relu,28,3,1,512,512,3726.4985056363207,3592.153929456842,2395.4971737165924
conv-bn-relu_test_HG3L8J.tflite,conv-bn-relu,28,1,1,256,32,1887.665884128714,1992.466341364381,1569.9899961401823
conv-bn-relu_test_Q0NH9F.tflite,conv-bn-relu,56,1,1,24,122,1179.0638068223534,2633.8994884341073,1917.741756114389
conv-bn-relu_test_QEZJTA.tflite,conv-bn-relu,12,1,1,128,192,2251.550438595151,3423.240817978638,2314.1956468941034
conv-bn-relu_test_M7VU52.tflite,conv-bn-relu,14,1,1,352,88,1806.0384143117035,2795.163096501399,2001.2055524305579
conv-bn-relu_test_UBUMWA.tflite,conv-bn-relu,7,1,1,2016,192,3932.1530147171793,2551.6552387281154,1874.6203603288134
conv-bn-relu_test_83N7JF.tflite,conv-bn-relu,28,1,1,264,44,1108.7397635342352,3395.402251648552,2300.6884516697105
conv-bn-relu_test_EJ87IY.tflite,conv-bn-relu,224,3,2,3,24,2853.2077408160144,3985.578100302862,2580.7952304050054
conv-bn-relu_test_AXPE3X.tflite,conv-bn-relu,7,3,1,1024,1024,3461.9228591572555,4085.9121614386972,2627.2071302523545
conv-bn-relu_test_85YDUC.tflite,conv-bn-relu,28,1,1,288,128,3096.840057885965,2039.7528272214372,1596.6124736201696
conv-bn-relu_test_H5BZZO.tflite,conv-bn-relu,27,1,1,64,256,2731.529098538254,3861.0654622842976,2522.7360402391687
conv-bn-relu_test_NS0UZU.tflite,conv-bn-relu,7,1,1,1632,192,1489.02227637921,4746.528009973888,2925.1924205352725
conv-bn-relu_test_WTMYRO.tflite,conv-bn-relu,7,1,1,768,128,1511.7234679459457,4287.15672899423,2719.338088195396
conv-bn-relu_test_NGSQ2P.tflite,conv-bn-relu,56,1,1,224,128,2974.612281053707,2611.3439783932886,1905.9541213811071
conv-bn-relu_test_8DT9IY.tflite,conv-bn-relu,7,1,1,1152,320,3830.5132212585527,2799.9038325317724,2003.638211357385
conv-bn-relu_test_SW5G5V.tflite,conv-bn-relu,28,1,1,40,240,1920.5103970207333,2792.0446131169374,1999.6046985250152
conv-bn-relu_test_IFWL4H.tflite,conv-bn-relu,28,1,2,128,256,2799.686001515286,3831.8119249534993,2509.0189100360603
conv-bn-relu_test_56FNBO.tflite,conv-bn-relu,14,1,1,256,512,1968.491982933776,2359.01501054478,1772.0399175176012
conv-bn-relu_test_5SVUIT.tflite,conv-bn-relu,27,1,1,48,192,1251.634163531376,3162.2890245776816,2186.3174030996656
conv-bn-relu_test_M2G6BO.tflite,conv-bn-relu,56,1,1,192,128,2764.367721888757,3691.0553750049744,2442.5971724421024
conv-bn-relu_test_TKWLM8.tflite,conv-bn-relu,28,1,1,336,192,1157.9199333741728,4130.034640947475,2647.51462254614
conv-bn-relu_test_BFAB8I.tflite,conv-bn-relu,14,1,1,512,1024,1851.9039761587223,2491.8268841012514,1843.0043620001397
conv-bn-relu_test_DF2KER.tflite,conv-bn-relu,12,1,1,768,160,2614.4731055493044,2347.652414548019,1765.9168168182996
conv-bn-relu_test_9TZ5IW.tflite,conv-bn-relu,1,1,1,120,32,288.00937638312183,144.22984591541353,239.31665431813892
conv-bn-relu_test_JJOHDS.tflite,conv-bn-relu,27,5,1,64,192,2816.742513209925,3268.0404989193185,2238.4874271851154
conv-bn-relu_test_TLNQBX.tflite,conv-bn-relu,14,1,2,1024,2048,2038.730315629136,3863.0098303564,2523.646719222262
conv-bn-relu_test_7KZU9G.tflite,conv-bn-relu,14,1,1,116,116,2454.9832218030974,3275.3804861092594,2242.090550690237
conv-bn-relu_test_BTJM67.tflite,conv-bn-relu,224,7,2,3,64,1284.1888722503334,4605.126828816668,2862.4540379816435
conv-bn-relu_test_V6UC43.tflite,conv-bn-relu,13,3,1,64,256,1175.9957614230962,4011.5841533257603,2592.8563939761934
conv-bn-relu_test_7KI7Q6.tflite,conv-bn-relu,14,1,1,2112,1056,1112.1571831514627,4936.937247310083,3008.8460774691466
conv-bn-relu_test_JEH7ZR.tflite,conv-bn-relu,7,1,1,1104,192,2921.6849514291684,4062.45338699859,2616.384898860494
conv-bn-relu_test_XA3T5B.tflite,conv-bn-relu,56,1,1,144,192,1552.088383435875,3168.271345299514,2189.281687658731
conv-bn-relu_test_GWV8Y5.tflite,conv-bn-relu,28,1,1,448,128,3325.744471885584,3682.068455319513,2438.3322063650485
conv-bn-relu_test_L4UWH0.tflite,conv-bn-relu,7,1,1,608,128,1449.7231620703365,3963.608742430352,2570.5888454975034
conv-bn-relu_test_3Y95EK.tflite,conv-bn-relu,14,1,1,192,64,2493.140890495932,2606.4237654280114,1903.3789675392054
conv-bn-relu_test_FCT9OT.tflite,conv-bn-relu,28,1,1,576,192,3244.386150208066,3463.7794933793675,2333.8094333742583
conv-bn-relu_test_OW8Z7L.tflite,conv-bn-relu,28,1,1,240,40,3113.818449295597,2025.2241378176143,1588.4515389518008
conv-bn-relu_test_6DC45Y.tflite,conv-bn-relu,14,1,1,960,192,1384.657613940921,4263.3143960488005,2708.4879047572285
conv-bn-relu_test_36M3JQ.tflite,conv-bn-relu,28,1,1,128,512,3268.6123673642496,3820.58175533662,2503.745158471167
conv-bn-relu_test_XW0OTJ.tflite,conv-bn-relu,1,1,1,144,6,117.05474323377068,50.08459910248665,112.63911862777107
conv-bn-relu_test_EL4Z2V.tflite,conv-bn-relu,14,1,1,112,672,2949.709075029167,3491.3471885720455,2347.1103588757114
conv-bn-relu_test_QNRV8F.tflite,conv-bn-relu,1,1,1,6,144,173.59642512450796,109.37656819937115,196.40459425368246
conv-bn-relu_test_7VIDUI.tflite,conv-bn-relu,14,3,1,16,48,1537.054053233,2357.044028489355,1770.9783899345375
conv-bn-relu_test_NVGKLH.tflite,conv-bn-relu,28,1,1,88,44,1838.948772333322,2845.7268494076875,2027.092090973119
conv-bn-relu_test_4YW2G5.tflite,conv-bn-relu,1,1,1,96,4,118.12137840472256,50.45674361942851,113.23190217220869
conv-bn-relu_test_Y5LCXW.tflite,conv-bn-relu,14,1,1,480,112,2556.81442057018,3661.3017765677673,2428.4655695375905
conv-bn-relu_test_LPHEU0.tflite,conv-bn-relu,14,1,1,416,128,3054.5075150534503,4171.335907265317,2666.468049068602
conv-bn-relu_test_ZS4XZ5.tflite,conv-bn-relu,14,1,1,912,192,2442.041317716195,2578.6717263758255,1888.8281567186737
conv-bn-relu_test_17ZG6S.tflite,conv-bn-relu,54,3,1,80,192,1643.2883470557615,2694.706629016846,1949.3785798016336
conv-bn-relu_test_2L36JA.tflite,conv-bn-relu,5,1,1,2048,384,1155.4063689395834,3516.9426201646856,2359.4331048650674
conv-bn-relu_test_DAB2IW.tflite,conv-bn-relu,14,1,1,1024,1024,3288.8476333192734,3378.4427365697175,2292.444376014219
conv-bn-relu_test_ALG3J6.tflite,conv-bn-relu,14,1,1,1440,192,1605.7916899567758,3058.207079993091,2134.4864165894087
conv-bn-relu_test_TMNXZ4.tflite,conv-bn-relu,14,1,1,480,80,2358.199666396341,2666.564296860773,1934.7620495811786
conv-bn-relu_test_XO6VB0.tflite,conv-bn-relu,27,3,1,64,256,1924.7169818314685,3786.344175754474,2487.6398271331327
conv-bn-relu_test_JRHSKR.tflite,conv-bn-relu,1,1,1,960,1280,3298.069987703924,3889.272080859995,2535.9344264265656
conv-bn-relu_test_5EG4EJ.tflite,conv-bn-relu,14,1,1,1008,192,3531.285321247078,4849.183475604762,2970.4083328337365
conv-bn-relu_test_3BIKMM.tflite,conv-bn-relu,1,1,1,1152,48,1408.197792359955,1107.5221495047685,1030.5455712840592
conv-bn-relu_test_SNEIZS.tflite,conv-bn-relu,7,1,1,1824,192,1447.742612209992,3731.8623635321237,2461.926306430291
conv-bn-relu_test_1961KU.tflite,conv-bn-relu,7,1,1,528,88,2381.7948553808537,2001.8837784987875,1575.3061886087514
conv-bn-relu_test_65YC06.tflite,conv-bn-relu,54,1,1,64,80,3361.8805265540973,2857.8372751157476,2033.2727324034956
conv-bn-relu_test_Y5SFYJ.tflite,conv-bn-relu,14,1,1,992,128,2241.9976616387826,1965.3400414632779,1554.637129001863
conv-bn-relu_test_OJN8BN.tflite,conv-bn-relu,7,1,1,1024,1024,2544.053562374929,3332.571576658307,2270.087292480248
conv-bn-relu_test_GWW04H.tflite,conv-bn-relu,7,1,1,2112,192,3210.203755667546,3225.7824853817615,2217.6986208628
conv-bn-relu_test_K9DBVA.tflite,conv-bn-relu,7,1,1,976,2048,1633.6885802682557,4933.337586918183,3007.273186636019
conv-bn-relu_test_42Q99X.tflite,conv-bn-relu,56,1,1,24,144,2714.502178736566,2224.3379832145715,1698.913560499367
conv-bn-relu_test_Z53X1N.tflite,conv-bn-relu,14,1,1,200,80,2408.257753690275,2919.4831131862675,2064.6200939145124
conv-bn-relu_test_YA00NZ.tflite,conv-bn-relu,7,1,1,512,2048,3272.026022024165,4954.116576261649,3016.348209738897
conv-bn-relu_test_GEBJQ2.tflite,conv-bn-relu,12,7,1,128,128,3228.054869475108,4414.9473106651585,2777.2051026953886
conv-bn-relu_test_TYN7Z1.tflite,conv-bn-relu,56,3,1,192,48,5166.460204962465,4079.5936261491024,2624.2939368273787
conv-bn-relu_test_EUTPGQ.tflite,conv-bn-relu,7,1,1,832,128,1668.063526155192,3692.8579199144483,2443.4522607573185
conv-bn-relu_test_63JD1H.tflite,conv-bn-relu,13,1,1,64,256,2540.318462387814,2703.838220882447,1954.1120342787037
conv-bn-relu_test_50UO9R.tflite,conv-bn-relu,14,1,1,576,192,2994.290634230405,3060.508030879814,2135.6375947282645
conv-bn-relu_test_JYIF3W.tflite,conv-bn-relu,54,1,1,128,16,2942.6676415973866,3149.7106264524627,2180.079528419281
conv-bn-relu_test_1CIRX6.tflite,conv-bn-relu,28,1,1,120,40,3063.150709102118,2776.4013909988807,1991.5666941375705
conv-bn-relu_test_1AU0K9.tflite,conv-bn-relu,28,3,2,128,256,3591.7699846516925,2965.733319325605,2088.0157087929756
conv-bn-relu_test_HX5KZ4.tflite,conv-bn-relu,28,1,1,128,128,2638.1493582586804,3606.5745489324795,2402.387377164477
conv-bn-relu_test_B37G2M.tflite,conv-bn-relu,28,3,1,128,192,2397.5697061465826,5228.254462711465,3135.088215140388
conv-bn-relu_test_5U6CML.tflite,conv-bn-relu,7,3,1,512,512,3978.623861757383,5802.515783932778,3378.279651788253
conv-bn-relu_test_LYFS71.tflite,conv-bn-relu,56,1,1,384,192,2929.0904985958664,3455.246818817317,2329.6865021187
conv-bn-relu_test_K2LE8O.tflite,conv-bn-relu,1,1,1,10,240,114.3772844180866,166.88686820660848,265.6329016324444
conv-bn-relu_test_8TK2LJ.tflite,conv-bn-relu,27,3,1,48,192,2492.637047178697,3308.512407900207,2258.3263224827797
conv-bn-relu_test_F3PWET.tflite,conv-bn-relu,111,3,1,32,32,3038.5076275204124,3392.5665061523778,2299.310799690107
conv-bn-relu_test_K6YEGP.tflite,conv-bn-relu,7,1,1,1248,192,2951.0629079946875,3638.5779463662147,2417.6508795474188
conv-bn-relu_test_JHOH57.tflite,conv-bn-relu,14,1,1,816,192,3162.7413885994574,3077.5979322654043,2144.180112665979
conv-bn-relu_test_AW8SNZ.tflite,conv-bn-relu,27,1,1,256,48,1420.688207806219,3191.016567082519,2200.5376850367143
conv-bn-relu_test_AELJ1V.tflite,conv-bn-relu,14,3,2,1024,1024,1630.6642811675922,5988.73630962746,3455.655052793355
conv-bn-relu_test_UVIJQI.tflite,conv-bn-relu,7,1,1,1056,192,3741.277031587484,4182.882392918526,2671.7572887839283
conv-bn-relu_test_Q40KQM.tflite,conv-bn-relu,14,1,1,1920,192,3296.7975856926832,4170.879277195956,2666.2587898073853
conv-bn-relu_test_UBTNDK.tflite,conv-bn-relu,14,1,1,544,128,1332.8388890326946,4016.695876023137,2595.2245169029857
conv-bn-relu_test_LVVVDE.tflite,conv-bn-relu,14,3,1,96,208,3433.5969864531576,4323.094872414288,2735.660618918234
conv-bn-relu_test_NC5QAU.tflite,conv-bn-relu,1,1,1,240,10,183.41698338187027,101.06981764719511,185.63838534481857
conv-bn-relu_test_P94TWB.tflite,conv-bn-relu,25,1,1,288,64,3106.0716008742825,3256.024909175371,2232.584149056628
conv-bn-relu_test_PWEI7W.tflite,conv-bn-relu,28,1,1,480,128,3449.89494128052,2451.9135750652117,1821.7928620346922
conv-bn-relu_test_0PMIQ3.tflite,conv-bn-relu,1,1,1,168,672,539.6025239912015,1989.7070435735704,1568.4310118437256
conv-bn-relu_test_41U4EB.tflite,conv-bn-relu,27,1,1,32,128,1743.1827785211958,1762.9285303359486,1438.102474215666
conv-bn-relu_test_Q05J1Z.tflite,conv-bn-relu,7,1,1,832,192,2190.4686033109297,4346.569184727494,2746.3015318015127
conv-bn-relu_test_C3GH3E.tflite,conv-bn-relu,112,1,1,16,48,2272.199389733394,4074.402674198132,2621.899665556105
conv-bn-relu_test_MT5CGF.tflite,conv-bn-relu,7,1,1,832,384,2825.4743373048204,2992.31352960327,2101.4145076749437
conv-bn-relu_test_X1T8TA.tflite,conv-bn-relu,56,1,1,256,128,2294.451419649284,3552.6176092928126,2376.566320842136
conv-bn-relu_test_5TFHZX.tflite,conv-bn-relu,28,1,1,480,192,1267.6956544684706,4757.193534549348,2929.902985624676
conv-bn-relu_test_QCNO8H.tflite,conv-bn-relu,7,1,1,1584,192,2757.971958239785,5089.334537106663,3075.142798337615
conv-bn-relu_test_E6COXS.tflite,conv-bn-relu,28,1,1,244,244,3278.690824479197,2624.8065085448143,1912.9931660106604
conv-bn-relu_test_6LVDY5.tflite,conv-bn-relu,7,1,1,960,128,2824.331889741981,3788.2394002534274,2488.532414336777
conv-bn-relu_test_GTFT8Y.tflite,conv-bn-relu,7,1,1,2064,192,5118.813020665329,3012.081751189582,2111.357613039499
conv-bn-relu_test_KM4CWM.tflite,conv-bn-relu,12,1,1,768,192,2027.9360540653608,2573.3777259033686,1886.047408709195
conv-bn-relu_test_GWJK0V.tflite,conv-bn-relu,14,1,1,736,128,2740.3559261476994,3616.337346134313,2407.0476351031143
conv-bn-relu_test_VGY4HY.tflite,conv-bn-relu,7,1,1,488,488,2736.8893380384216,2103.9124541634983,1632.4571164210179
conv-bn-relu_test_3CM6V8.tflite,conv-bn-relu,28,1,1,72,40,4447.34828533237,2882.45284790765,2045.812667275169
conv-bn-relu_test_6LT7L4.tflite,conv-bn-relu,28,1,1,384,128,773.0766950977917,4591.145898196769,2856.2214163785957
conv-bn-relu_test_SLOQC1.tflite,conv-bn-relu,28,1,1,44,22,1347.6657216940991,3046.154225025248,2128.4522959050237
conv-bn-relu_test_EW4RX1.tflite,conv-bn-relu,14,1,1,1104,192,3290.669199132596,3345.8375165608277,2276.561866120822
conv-bn-relu_test_3LXRS5.tflite,conv-bn-relu,54,1,1,16,64,657.4639528699995,2873.676631935752,2041.345281932204
conv-bn-relu_test_SRH5WP.tflite,conv-bn-relu,14,3,1,32,64,902.6634849871892,3658.048042975912,2426.9182259625222
conv-bn-relu_test_P2J8ND.tflite,conv-bn-relu,7,1,1,640,128,2498.872066314824,3630.8386217211323,2413.963230486329
conv-bn-relu_test_WJDRX0.tflite,conv-bn-relu,7,1,1,576,128,3350.2131002138576,2022.5219212773868,1586.9318472295834
conv-bn-relu_test_K9V4XK.tflite,conv-bn-relu,7,1,1,960,160,3886.010230249749,3982.655059499448,2579.4381830962047
conv-bn-relu_test_C3BODE.tflite,conv-bn-relu,14,1,1,768,128,1039.1582282250554,3127.941907018866,2169.267297715051
conv-bn-relu_test_MSL0CG.tflite,conv-bn-relu,14,1,1,1584,192,1754.6303358732237,4208.7781814905675,2683.6046843140284
conv-bn-relu_test_UFO3QJ.tflite,conv-bn-relu,224,3,2,3,32,1279.412659375761,2277.0783169264882,1727.6956225833223
conv-bn-relu_test_WA94CP.tflite,conv-bn-relu,7,1,1,1152,192,2713.040516632177,2685.580864071735,1944.6436068770652
conv-bn-relu_test_F1OV6H.tflite,conv-bn-relu,14,1,1,528,128,3763.071533982923,3722.057169445185,2457.2873444440224
conv-bn-relu_test_SIJ5IU.tflite,conv-bn-relu,7,1,1,1968,192,2936.095960543839,4331.963764687113,2739.6828086779897
conv-bn-relu_test_GNXME0.tflite,conv-bn-relu,7,1,1,1920,192,2758.976828510166,3855.432533338023,2520.0970255690163
conv-bn-relu_test_5P7A89.tflite,conv-bn-relu,7,1,1,800,128,3173.504765343597,4192.8181239062715,2676.305362021225
conv-bn-relu_test_ULTU6T.tflite,conv-bn-relu,28,1,1,116,116,1396.4766811143527,2293.3183278959323,1736.5201690633749
conv-bn-relu_test_1YLOOD.tflite,conv-bn-relu,1,1,1,48,1152,1519.3082061958924,1169.531518886955,1071.5869035100309
conv-bn-relu_test_SR3MA5.tflite,conv-bn-relu,14,1,1,1024,256,1428.6628320491634,4432.350787220335,2785.048927743918
conv-bn-relu_test_PLTFIN.tflite,conv-bn-relu,28,3,2,512,512,1435.1417407463118,5482.542395800494,3243.662712901635
conv-bn-relu_test_XQAYKX.tflite,conv-bn-relu,12,3,2,192,320,2649.6184890624827,4789.401623844916,2944.109990115121
conv-bn-relu_test_RM6ACB.tflite,conv-bn-relu,54,1,1,96,16,1069.4921643247808,2960.7539629079915,2085.5018945679763
conv-bn-relu_test_GT1Q9F.tflite,conv-bn-relu,14,1,1,1200,192,3961.9154439231575,3841.276511130256,2513.4601360774573
conv-bn-relu_test_O12CAY.tflite,conv-bn-relu,28,1,1,192,32,1292.2486863044817,1401.2229651766938,1219.8248791443793
conv-bn-relu_test_TTYEK3.tflite,conv-bn-relu,14,1,1,512,512,4240.830712103624,4345.448009747737,2745.793673478376
conv-bn-relu_test_CCOTAG.tflite,conv-bn-relu,28,1,1,128,256,2161.0116262132383,2270.5402070314904,1724.1378984660143
conv-bn-relu_test_KGMD9H.tflite,conv-bn-relu,14,1,1,512,144,3227.676070634674,2858.372186434293,2033.5455569946034
conv-bn-relu_test_DX30I3.tflite,conv-bn-relu,56,1,1,336,192,1481.385232170693,3249.795266446613,2229.5210885567276
conv-bn-relu_test_JWEVKS.tflite,conv-bn-relu,25,3,2,288,384,1251.1519147332726,3232.662425833564,2221.088434086378
conv-bn-relu_test_VEY2GM.tflite,conv-bn-relu,7,1,1,2048,1024,1470.5277365025768,2853.7093366245185,2031.1668442934726
conv-bn-relu_test_C6K7HS.tflite,conv-bn-relu,28,1,1,58,58,2488.7914302115,3650.4031997019674,2423.281114567092
conv-bn-relu_test_AIJNLK.tflite,conv-bn-relu,13,1,1,512,1000,2477.70117396507,4174.842889948095,2668.0749732879367
conv-bn-relu_test_OSLSVC.tflite,conv-bn-relu,14,1,1,1536,192,2000.6405071713448,3945.420358076361,2562.126876943268
conv-bn-relu_test_XBSDK0.tflite,conv-bn-relu,56,1,2,64,128,2398.1778658098515,3651.4072234785776,2423.7589119486875
conv-bn-relu_test_KN6VEY.tflite,conv-bn-relu,14,1,1,640,128,1995.5409336828889,3715.995588224562,2454.4178027291096
conv-bn-relu_test_S6CX79.tflite,conv-bn-relu,14,3,1,112,224,3259.612586194108,5071.329546330565,3067.3397489060744
conv-bn-relu_test_81QB1S.tflite,conv-bn-relu,28,1,1,512,256,1050.832260746045,2301.547079959429,1740.9847773626602
conv-bn-relu_test_NSEWLV.tflite,conv-bn-relu,12,7,1,160,160,2775.399437639524,4412.92995309466,2776.2953048737636
conv-bn-relu_test_L410KO.tflite,conv-bn-relu,14,1,1,528,88,2370.3373166091064,4308.758876437198,2729.1540622221414
conv-bn-relu_test_YE9VYJ.tflite,conv-bn-relu,56,1,1,128,256,3328.324478202033,3589.4063602698943,2394.183491673273
conv-bn-relu_test_DWEHXO.tflite,conv-bn-relu,28,1,1,144,32,2806.7166289034344,2957.8993847243464,2084.060228987512
conv-bn-relu_test_R31597.tflite,conv-bn-relu,28,1,1,224,128,1111.7692591410366,4052.3767006419243,2611.730793827403
conv-bn-relu_test_WYR4IN.tflite,conv-bn-relu,7,1,1,464,1024,3265.2156165613605,2025.289903498941,1588.488517565339
conv-bn-relu_test_R6CFOJ.tflite,conv-bn-relu,12,1,1,128,128,3074.628048515672,2544.603552929945,1870.9049287079783
conv-bn-relu_test_OBSSCE.tflite,conv-bn-relu,28,3,1,16,32,1709.6424301411553,3427.2122482734603,2316.120034432266
conv-bn-relu_test_EJD6LA.tflite,conv-bn-relu,56,1,1,256,64,2861.6174026907256,2347.7670128145387,1765.9786136049267
conv-bn-relu_test_HMEI9N.tflite,conv-bn-relu,56,3,2,128,128,3046.832917811755,3895.980560543279,2539.0694505070987
conv-bn-relu_test_UOSPSM.tflite,conv-bn-relu,25,3,1,64,96,3917.0327904628175,2673.03965259268,1938.1290645244549
conv-bn-relu_test_LMBRXQ.tflite,conv-bn-relu,56,3,1,128,32,3027.4178150474218,4084.0396511687463,2626.343932770722
conv-bn-relu_test_BS8IWN.tflite,conv-bn-relu,7,1,1,736,128,1312.4045674765837,3759.056978201255,2474.7744084788505
conv-bn-relu_test_UD2QWO.tflite,conv-bn-relu,28,1,1,256,128,2198.211118082236,3931.088067472552,2555.4511357823467
conv-bn-relu_test_FEN6U1.tflite,conv-bn-relu,56,3,2,256,256,2282.897478336998,3196.475921045494,2203.23598739966
conv-bn-relu_test_ZUTDPL.tflite,conv-bn-relu,14,1,1,1248,192,3666.268344049887,3628.9410242783506,2413.0587198171193
conv-bn-relu_test_D07NID.tflite,conv-bn-relu,14,1,1,672,192,1470.068891874143,3459.4992060088716,2331.7415870398654
conv-bn-relu_test_TPLUCK.tflite,conv-bn-relu,14,3,1,128,32,2748.1907979831,3819.0984221924346,2503.0482488585853
conv-bn-relu_test_1X4YK4.tflite,conv-bn-relu,1,1,1,672,28,321.06726120327426,146.63905365132388,242.16755138864863
conv-bn-relu_test_3SFF28.tflite,conv-bn-relu,14,1,1,88,88,2413.1507002950298,3190.9566279993137,2200.508052711762
conv-relu6_test_M2PGO0.tflite,conv-relu6,56,1,1,24,58,1288.6520638839606,2794.7025894668304,2000.9691858627805
conv-relu6_test_Q0C569.tflite,conv-relu6,1,1,1,4,96,166.4598749791872,114.03810162153098,202.34537769425646
conv-relu6_test_CZNSC6.tflite,conv-relu6,224,3,1,64,64,4658.516531402212,3015.745187765502,2113.1982322765543
conv-relu6_test_RPUFIJ.tflite,conv-relu6,14,3,1,16,48,2355.0802102878883,2357.044028489355,1770.9783899345375
conv-relu6_test_W55B2B.tflite,conv-relu6,112,3,1,128,128,2369.900549703857,3612.6570341124493,2405.291261980371
conv-relu6_test_Q70SDW.tflite,conv-relu6,7,1,1,2160,192,1968.5227717784528,3908.732025713217,2545.0242882997877
conv-relu6_test_XYOFBA.tflite,conv-relu6,224,7,2,3,96,3240.053310311157,3574.4946905681227,2387.0488734000583
conv-relu6_test_49SHYP.tflite,conv-relu6,28,1,1,768,384,2986.5766756886337,2979.797854200674,2095.1097059065773
conv-relu6_test_4KA6LQ.tflite,conv-relu6,1,1,1,1280,1001,1782.4246336624751,2540.918599078832,1868.9622202502949
conv-bn_test_6CC1O8.tflite,conv-bn,112,3,1,128,128,4250.383150468611,3612.6570341124493,2405.291261980371
conv-bn_test_L0NP54.tflite,conv-bn,1,1,1,1280,1001,3019.909678688741,2540.918599078832,1868.9622202502949
conv-bn_test_FI2L12.tflite,conv-bn,14,3,1,16,48,1775.2412902966428,2357.044028489355,1770.9783899345375
conv-bn_test_MJOYQF.tflite,conv-bn,28,1,1,768,384,2135.173883966361,2979.797854200674,2095.1097059065773
conv-bn_test_2XD1RA.tflite,conv-bn,56,1,1,24,58,2951.818294933207,2794.7025894668304,2000.9691858627805
conv-bn_test_VWVWK8.tflite,conv-bn,224,3,1,64,64,4744.667749979213,3015.745187765502,2113.1982322765543
conv-bn_test_WKKKCB.tflite,conv-bn,1,1,1,4,96,139.2335293968661,114.03810162153098,202.34537769425646
conv-bn_test_OAC7PB.tflite,conv-bn,7,1,1,2160,192,2660.0436443538624,3908.732025713217,2545.0242882997877
conv-bn_test_WHSKRG.tflite,conv-bn,224,7,2,3,96,1136.8313099143893,3574.4946905681227,2387.0488734000583
conv-relu_test_9G58JR.tflite,conv-relu,56,1,1,24,58,2682.85216408681,2794.7025894668304,2000.9691858627805
conv-relu_test_H0Y9T8.tflite,conv-relu,224,7,2,3,96,1148.4254966066646,3574.4946905681227,2387.0488734000583
conv-relu_test_JYP9XO.tflite,conv-relu,14,3,1,16,48,1808.6028394544223,2357.044028489355,1770.9783899345375
conv-relu_test_8W5B87.tflite,conv-relu,7,1,1,2160,192,1105.1069425956184,3908.732025713217,2545.0242882997877
conv-relu_test_8CCGUH.tflite,conv-relu,1,1,1,4,96,156.14562367114536,114.03810162153098,202.34537769425646
conv-relu_test_1FB8KA.tflite,conv-relu,28,1,1,768,384,3140.4828770253325,2979.797854200674,2095.1097059065773
conv-relu_test_45XJBE.tflite,conv-relu,1,1,1,1280,1001,2568.009132065126,2540.918599078832,1868.9622202502949
conv-relu_test_OKL3RN.tflite,conv-relu,224,3,1,64,64,4911.11970344972,3015.745187765502,2113.1982322765543
conv-relu_test_M58KIP.tflite,conv-relu,112,3,1,128,128,4665.888665548731,3612.6570341124493,2405.291261980371
conv-bn-hswish_test_G1E9HC.tflite,conv-bn-hswish,224,7,2,3,96,2611.2273585105218,3574.4946905681227,2387.0488734000583
conv-bn-hswish_test_DWZENT.tflite,conv-bn-hswish,28,1,1,768,384,1136.070338256217,2979.797854200674,2095.1097059065773
conv-bn-hswish_test_7FHOEF.tflite,conv-bn-hswish,14,3,1,16,48,1130.3511834148826,2357.044028489355,1770.9783899345375
conv-bn-hswish_test_QO03CH.tflite,conv-bn-hswish,56,1,1,24,58,1178.1756485628928,2794.7025894668304,2000.9691858627805
conv-bn-hswish_test_HVFFS3.tflite,conv-bn-hswish,1,1,1,1280,1001,307.6010529780494,2540.918599078832,1868.9622202502949
conv-bn-hswish_test_MHLB1M.tflite,conv-bn-hswish,1,1,1,4,96,164.7825982022965,114.03810162153098,202.34537769425646
conv-bn-hswish_test_A3A02T.tflite,conv-bn-hswish,224,3,1,64,64,3211.5947177997564,3015.745187765502,2113.1982322765543
conv-bn-hswish_test_32NV3E.tflite,conv-bn-hswish,7,1,1,2160,192,1327.8410624562728,3908.732025713217,2545.0242882997877
conv-bn-hswish_test_H0RP09.tflite,conv-bn-hswish,112,3,1,128,128,3579.2282781444246,3612.6570341124493,2405.291261980371
